Sr.No,Name,Prices
0,"Kellogg's Muesli with 21% Fruit, Nut & Seeds |Tastier now with Cranberries and Pumpkin Seeds |Breakfast Cereal | High in Iron| Source of Fibre | Naturally Cholesterol Free | 750g Pack",380
1,"Amazon brand - Solimo No Sugar Muesli, 1kg",345
2,"New Kellogg's Muesli with 21% Fruit, Nut & Seeds |Tastier Now with Cranberries and Pumpkin Seeds |Breakfast Cereal | High in Iron| Source of Fibre | Naturally Cholesterol Free | 750g Pack",356
3,"True Elements Muesli Sugar Free 1kg - Breakfast Cereal, Diet Food, No Added Sugar",512
4,"Yogabar Muesli Fruit and Nuts - Wholegrain Breakfast Cereals with Oats and Dry Fruits, High in Omega 3, Gluten Free Vegan Granola with Chia and Flax Seeds (400g - Pack of 2)",580
5,"Bagrry's Crunchy Muesli Oat Clusters with Almonds, Raisins & Honey, 1000 GM",519
6,"New Kellogg's Muesli with 21% Fruit, Nut & Seeds |Tastier Now with Cranberries and Pumpkin Seeds |Breakfast Cereal | High in Iron| Source of Fibre | Naturally Cholesterol Free | 750g Pack",356
7,"Nourish Organics Honey Crunch Muesli, 300g | Whole-Grains | Cashews, Almonds & Raisins (Single Pack)",315
8,"Nourish You Quinoa Muesli, Honey and Nuts, 375g",284
9,Alpino Super Muesli Fruit & Nuts 400 G | Whole Oats & Whole Grain | Finest Nuts & Raisins | Real Freeze Dried Fruits | No Sugar Infused Fruits,249
10,Alpino Super Muesli Nut Delight 400 G | Whole Oats & Whole Grain | Finest Nuts & Raisins | Real Freeze Dried Fruits | No Sugar Infused Fruits,240
11,The Whole Truth - High Protein Breakfast Muesli - Almond Choco Crunch - 350g,330
12,"Nourish You Quinoa Muesli, Chocolate, 375g",284
13,"Zingavita Multi Millet Muesli with 25% Fruits, Nuts & Seeds, No Added Sugar, Healthy Breakfast Cereal With Whole Grains, 375g pack",199
14,"Nourish You Quinoa Muesli Nuts, 375g",284
15,"The Whole Truth - SUPER SAVER Breakfast Muesli - Nuts, Fruits and Seeds - 750g",419
16,"Yogabar Wholegrain Breakfast Muesli - Dark Chocolate and Cranberry, 700g (Super Saver Pack).",424
17,"Bagrry's Crunchy Muesli Oat Clusters with Almonds, Raisins & Honey, 1000 GM",519
18,"Yogabar Wholegrain Breakfast Muesli Fruits, Nuts + Seeds, 700 g (Super Saver Pack)",425
19,"Kellogg's Muesli 20% Nuts Delight , Breakfast Cereal , High in Iron, High in Fibre , Naturally Cholesterol Free , 750g Pack",315
20,"Soulfull Millet Muesli - Crunchy, Contains Almonds & Raisins, 700 g",360
21,"True Elements Crunchy Nuts & Berries Muesli 1kg - With 30% Berries, Nuts and Seeds, Muesli Nuts Delight, Cereal for Breakfast",500
22,"Yogabar Super Muesli, No Added or Hidden Sugar, Breakfast Muesli with Probiotics & Prebiotics, 82% Almonds + Whole Grains + Chia Seeds + Flax Seeds, 700g",414
23,"New Kellogg's Muesli with 21% Fruit, Nut & Seeds |Tastier now with Cranberries and Pumpkin Seeds |500g",315
24,"Bagrry's Crunchy Muesli, Oat Clusters with Almonds, Raisins and Honey, 750 GM Pouch",354
25,"Yogabar Wholegrain Breakfast Muesli - Almond + Quinoa Crunch, 700g",389
26,"Amazon brand - Solimo No Sugar Muesli, 1kg",340
27,"Gaia Crunchy Muesli Fruit and Nut Packed with Fibre, Iron and antioxidants. 1KG",500
28,"MuscleBlaze Probiotic Muesli, Breakfast Cereals For Good Gut Health, Fruits, Seeds and Nuts, Multigrain Flakes, High In Fibre, Antioxidant-Rich, 400 grams",275
29,"True Elements Muesli Sugar Free 1kg - Breakfast Cereal, Diet Food, No Added Sugar",512
30,"Gaia Crunchy Muesli Nutty Delight with Rolled Oats, Wheat, Corn Flakes, Assorted Nuts and Seeds.1 Kg",500
31,"Kellogg's Muesli 0% Added Sugar , Breakfast Cereal , High in Iron, Source of Fibre , Naturally Cholesterol Free , 500g Pack",315
32,Kellogg's Muesli 0% Added Sugar | Breakfast Cereal | High in Iron| Source of Fibre | Naturally Cholesterol Free | 500g Pack,315
33,"Bagrry's Crunchy Muesli, Oat Clusters with Almonds, Raisins and Honey, 1500 g",699
34,"Bagrry's No Added Sugar Crunchy Muesli Jar, 1000g",545
35,Bagrry's Crunchy Muesli Fruit N Nut with Cranberries 750 GM Pouch,399
36,"Yogabar Wholegrain Breakfast Muesli Combo | Fruits, Nuts and Seeds | Dark Chocolate Cranberry | 700g Each",750
37,"Soulfull Millet Muesli Fruit & Nut with Almonds & Real Fruits, 700 g",360
38,"Bagrry's Fruit N Fibre Muesli, Mixed Fruit, 1000g",506
39,"Monsoon Harvest Toasted Millet Muesli, Cranberry & Almond, 250g",197
40,"Zingavita Multi Millet Muesli with 25% Fruits, Nuts & Seeds, No Added Sugar, Healthy Breakfast Cereal With Whole Grains, 375g pack",199
41,"True Elements Muesli Fruit and Nuts 1kg - Breakfast Cereal, No Added Sugar, Healthy Food",511
42,"Bagrry's Crunchy Muesli Oat Clusters with Almonds, Raisins & Honey, 500 GM",288
43,"True Elements Cranberry Blueberry Muesli 1kg - Wholegrain Breakfast Cereal, Berries Muesli",492
44,The Whole Truth - SUPERSAVER Breakfast Muesli - No Added Sugar 5 Grain Muesli - 750g,419
45,"Gaia Crunchy Diet Muesli Multi-Grain, for a Healthy, Low-Calorie Breakfast. 1 Kg (Zero Added Sugar)",500
46,"The Whole Truth - SUPER SAVER Breakfast Muesli - Nuts, Fruits and Seeds - 750g",419
47,"Kellogg's Muesli 22% Fruit Magic, Breakfast Cereal, High in Fibre, High in Iron and High in Vitamin C, Naturally Cholesterol Free, 500g Pack",315
48,"Yogabar Wholegrain Breakfast Muesli - Almond + Quinoa Crunch, 400g",309
49,"Nourish You Quinoa Muesli, Honey and Nuts, 375g",284
50,"Monsoon Harvest Toasted Millet Muesli, Fig & Honey with Salted Pistachios (500 g) - Pack of 2 x 250 g",368
51,"Kellogg's Muesli 22% Fruit Magic, Breakfast Cereal, High in Fibre, High in Iron and High in Vitamin C, Naturally Cholesterol Free, 500g Pack",315
52,"Kellogg's Crunchy Granola Almonds and Cranberries | Breakfast Cereals | Multigrain Flakes, 460g",299
53,The Whole Truth - Breakfast Muesli - Quinoa Choco Crunch - 320g,305
54,The Whole Truth - SUPER SAVER Breakfast Muesli - Almond Choco Crunch - 750g,499
55,The Whole Truth - High Protein Breakfast Muesli - Almond Choco Crunch - 350g,330
56,"Bagrry's Choco Delight, Jar, 1000g",517
57,"ASAP High Protein Wholegrain Muesli Dark Chocolate (Dark Choco, 1)",257
58,"Soulfull Fruit Nut and Seeds Millet Muesli, 500g",320
59,"Kwality Muesli Crunchy Fruit N Nut, Multigrain, High in Fibre, Iron and Protein Jar, 1 kg",297
60,"New Kellogg's Muesli with 21% Fruit, Nut & Seeds |Tastier Now with Cranberries and Pumpkin Seeds |Breakfast Cereal | High in Iron| Source of Fibre | Naturally Cholesterol Free | 240g Pack",345
61,"Amazon brand - Solimo No Sugar Muesli, 1kg",380
62,"Kellogg's Muesli with 21% Fruit, Nut & Seeds |Tastier now with Cranberries and Pumpkin Seeds |Breakfast Cereal | High in Iron| Source of Fibre | Naturally Cholesterol Free | 750g Pack",356
63,"New Kellogg's Muesli with 21% Fruit, Nut & Seeds |Tastier Now with Cranberries and Pumpkin Seeds |Breakfast Cereal | High in Iron| Source of Fibre | Naturally Cholesterol Free | 750g Pack",512
64,"True Elements Muesli Sugar Free 1kg - Breakfast Cereal, Diet Food, No Added Sugar",580
65,"Yogabar Muesli Fruit and Nuts - Wholegrain Breakfast Cereals with Oats and Dry Fruits, High in Omega 3, Gluten Free Vegan Granola with Chia and Flax Seeds (400g - Pack of 2)",519
66,"Bagrry's Crunchy Muesli Oat Clusters with Almonds, Raisins & Honey, 1000 GM",356
67,"New Kellogg's Muesli with 21% Fruit, Nut & Seeds |Tastier Now with Cranberries and Pumpkin Seeds |Breakfast Cereal | High in Iron| Source of Fibre | Naturally Cholesterol Free | 750g Pack",315
68,"Nourish Organics Honey Crunch Muesli, 300g | Whole-Grains | Cashews, Almonds & Raisins (Single Pack)",424
69,"Yogabar Wholegrain Breakfast Muesli - Dark Chocolate and Cranberry, 700g (Super Saver Pack).",425
70,"Yogabar Wholegrain Breakfast Muesli Fruits, Nuts + Seeds, 700 g (Super Saver Pack)",315
71,"Kellogg's Muesli 20% Nuts Delight , Breakfast Cereal , High in Iron, High in Fibre , Naturally Cholesterol Free , 750g Pack",360
72,"Soulfull Millet Muesli - Crunchy, Contains Almonds & Raisins, 700 g",519
73,"Bagrry's Crunchy Muesli Oat Clusters with Almonds, Raisins & Honey, 1000 GM",315
74,"New Kellogg's Muesli with 21% Fruit, Nut & Seeds |Tastier now with Cranberries and Pumpkin Seeds |500g",414
75,"Yogabar Super Muesli, No Added or Hidden Sugar, Breakfast Muesli with Probiotics & Prebiotics, 82% Almonds + Whole Grains + Chia Seeds + Flax Seeds, 700g",354
76,"Bagrry's Crunchy Muesli, Oat Clusters with Almonds, Raisins and Honey, 750 GM Pouch",500
77,"Gaia Crunchy Muesli Fruit and Nut Packed with Fibre, Iron and antioxidants. 1KG",500
78,"True Elements Crunchy Nuts & Berries Muesli 1kg - With 30% Berries, Nuts and Seeds, Muesli Nuts Delight, Cereal for Breakfast",340
79,"Amazon brand - Solimo No Sugar Muesli, 1kg",275
80,"MuscleBlaze Probiotic Muesli, Breakfast Cereals For Good Gut Health, Fruits, Seeds and Nuts, Multigrain Flakes, High In Fibre, Antioxidant-Rich, 400 grams",389
81,"Yogabar Wholegrain Breakfast Muesli - Almond + Quinoa Crunch, 700g",512
82,"True Elements Muesli Sugar Free 1kg - Breakfast Cereal, Diet Food, No Added Sugar",500
83,"Gaia Crunchy Muesli Nutty Delight with Rolled Oats, Wheat, Corn Flakes, Assorted Nuts and Seeds.1 Kg",315
84,"Kellogg's Muesli 0% Added Sugar , Breakfast Cereal , High in Iron, Source of Fibre , Naturally Cholesterol Free , 500g Pack",315
85,Kellogg's Muesli 0% Added Sugar | Breakfast Cereal | High in Iron| Source of Fibre | Naturally Cholesterol Free | 500g Pack,699
86,"Bagrry's Crunchy Muesli, Oat Clusters with Almonds, Raisins and Honey, 1500 g",545
87,"Bagrry's No Added Sugar Crunchy Muesli Jar, 1000g",399
88,Bagrry's Crunchy Muesli Fruit N Nut with Cranberries 750 GM Pouch,750
89,"Yogabar Wholegrain Breakfast Muesli Combo | Fruits, Nuts and Seeds | Dark Chocolate Cranberry | 700g Each",360
90,"Soulfull Millet Muesli Fruit & Nut with Almonds & Real Fruits, 700 g",506
91,"Bagrry's Fruit N Fibre Muesli, Mixed Fruit, 1000g",197
92,"Monsoon Harvest Toasted Millet Muesli, Cranberry & Almond, 250g",199
93,"Zingavita Multi Millet Muesli with 25% Fruits, Nuts & Seeds, No Added Sugar, Healthy Breakfast Cereal With Whole Grains, 375g pack",511
94,"True Elements Muesli Fruit and Nuts 1kg - Breakfast Cereal, No Added Sugar, Healthy Food",288
95,"Bagrry's Crunchy Muesli Oat Clusters with Almonds, Raisins & Honey, 500 GM",492
96,"True Elements Cranberry Blueberry Muesli 1kg - Wholegrain Breakfast Cereal, Berries Muesli",419
97,The Whole Truth - SUPERSAVER Breakfast Muesli - No Added Sugar 5 Grain Muesli - 750g,500
98,"Gaia Crunchy Diet Muesli Multi-Grain, for a Healthy, Low-Calorie Breakfast. 1 Kg (Zero Added Sugar)",419
99,"The Whole Truth - SUPER SAVER Breakfast Muesli - Nuts, Fruits and Seeds - 750g",315
100,"Kellogg's Muesli 22% Fruit Magic, Breakfast Cereal, High in Fibre, High in Iron and High in Vitamin C, Naturally Cholesterol Free, 500g Pack",309
101,"Yogabar Wholegrain Breakfast Muesli - Almond + Quinoa Crunch, 400g",284
102,"Nourish You Quinoa Muesli, Honey and Nuts, 375g",368
103,"Monsoon Harvest Toasted Millet Muesli, Fig & Honey with Salted Pistachios (500 g) - Pack of 2 x 250 g",315
104,"Kellogg's Muesli 22% Fruit Magic, Breakfast Cereal, High in Fibre, High in Iron and High in Vitamin C, Naturally Cholesterol Free, 500g Pack",299
105,"Kellogg's Crunchy Granola Almonds and Cranberries | Breakfast Cereals | Multigrain Flakes, 460g",305
106,The Whole Truth - Breakfast Muesli - Quinoa Choco Crunch - 320g,499
107,The Whole Truth - SUPER SAVER Breakfast Muesli - Almond Choco Crunch - 750g,330
108,The Whole Truth - High Protein Breakfast Muesli - Almond Choco Crunch - 350g,517
109,"Bagrry's Choco Delight, Jar, 1000g",257
110,"ASAP High Protein Wholegrain Muesli Dark Chocolate (Dark Choco, 1)",320
111,"Soulfull Fruit Nut and Seeds Millet Muesli, 500g",297
